{
    "token": "Token goes here",
    "prefix": "!",
    "multilang": {
        "languages": ["English"]
    },
    "bot": {
        "description": "!help",
        "type": "STREAMING",
        "url": "https://twitch.tv/bob"
    },
    "admins": ["User ID"],
    "channels": {
        "logs": "Channel ID",
        "error": "Channel ID"
    },
    "methods": {
    	"layer7": ["Methods go here"],
    	"layer4": ["Methods go here"]
    },
    "servers": {
    	"networks": ["Basic"]
  	},
    "blacklist": {
        "hosts": [""]
    }
}